162,5602238154948720,66171 Northview Point,$7.03,Bag - Regular Kraft 20 Lb,1706176974
147,3561816300541038,9852 Holmberg Point,$7.79,Longos - Greek Salad,1706176975
183,3545403149480610,1 Lotheville Center,$5.35,Longos - Chicken Wings,1706176976
73,675980148753350172,18 Mcbride Alley,$7.69,Pepper - Cubanelle,1706176977
10,4026768728247796,519 Hazelcrest Plaza,$4.34,Veal - Liver,1706176978
154,337941293150081,923 Fairview Hill,$9.57,Zucchini - Green,1706176979
142,3559784836471829,0053 Basil Terrace,$0.25,Bread - Granary Small Pull,1706176980
79,5602246452574304,2 Hauk Park,$9.68,Mushrooms - Black Dried,1706176981
75,3583978786280509,57050 Golf Course Avenue,$5.97,Appetizer - Mini Egg Roll Shrimp,1706176982
28,56022416145805416,28718 Meadow Valley Way,$5.74,Lighter - Bbq,1706176983
29,5100130437514527,61 Clarendon Parkway,$0.08,Cheese - Valancey,1706176984
143,5602226770581397,6 Fairfield Parkway,$0.10,Apples - Sliced / Wedge,1706176985
147,5562487429832346,59453 Mallory Parkway,$5.19,Cookies Almond Hazelnut,1706176986
157,4041375854965,9498 Dunning Center,$5.68,Tart - Lemon,1706176987
45,3570264771564628,66 Hoepker Way,$0.80,Lettuce - Frisee,1706176988
172,3576124483659195,394 Crescent Oaks Crossing,$5.79,Muffin Mix - Morning Glory,1706176989
183,5100140049598677,1 Scott Center,$3.74,Oil - Food Lacquer Spray,1706176990
37,6399887943168951,7412 Arizona Alley,$5.71,Loquat,1706176991
41,3551286210976629,55060 Coleman Alley,$1.91,Pesto - Primerba Paste,1706176992
111,560222037716170557,07703 Grayhawk Point,$0.81,Trueblue - Blueberry,1706176993
158,3582516943383690,63 Orin Center,$8.11,Wine - George Duboeuf Rose,1706176994
41,5602232528129703987,3312 Mariners Cove Terrace,$3.39,Danishes - Mini Cheese,1706176995
179,30178620507374,504 7th Avenue,$5.80,Coconut - Whole,1706176996
195,4026132942613152,4 Milwaukee Lane,$9.56,Clementine,1706176997
159,3585964306758578,50189 East Crossing,$5.52,Pomello,1706176998
9,5105769215782882,9 Stone Corner Circle,$3.42,Pasta - Gnocchi Potato,1706176999
117,3534247868566882,01223 Ridge Oak Alley,$9.49,Wine - Casablanca Valley,1706177000
116,4041379907480272,2195 Lawn Junction,$3.41,Huck Towels White,1706177001
190,3584660537494113,616 Fallview Park,$9.28,Liqueur - Melon,1706177002
153,30129906739512,1322 Del Sol Crossing,$7.43,Salt And Pepper Mix - Black,1706177003
21,374288897054440,631 Buena Vista Point,$0.31,7up Diet 355 Ml,1706177004
38,3567905654819548,36648 Lakewood Drive,$4.03,Corn - On The Cob,1706177005
140,4041593945843,5 Loeprich Pass,$0.41,Wine - Hardys Bankside Shiraz,1706177006
173,3539684518108803,613 Fieldstone Hill,$2.55,Cake - Sheet Strawberry,1706177007
191,493683861551112788,3021 Blue Bill Park Center,$4.41,Bread - Granary Small Pull,1706177008
161,3546635602143818,053 Lerdahl Pass,$5.86,Broccoli - Fresh,1706177009
123,30257326855681,18 Sloan Circle,$2.27,Coffee Beans - Chocolate,1706177010
164,50381783048309707,72 Lotheville Drive,$0.25,Beef - Tenderloin,1706177011
69,3584791519460176,2 Fuller Avenue,$8.19,Kohlrabi,1706177012
123,5563307504767515,42 Commercial Court,$3.77,Wine - Bouchard La Vignee Pinot,1706177013
197,503890921978090101,0588 Sauthoff Point,$7.60,Pork Salted Bellies,1706177014
169,3549187844371853,1 Aberg Center,$1.12,Tilapia - Fillets,1706177015
91,6334005089282032346,0283 Grover Drive,$9.52,Samosa - Veg,1706177016
191,3580475156127355,72116 Old Gate Circle,$6.63,Wine - Chateau Timberlay,1706177017
174,5316246814755424,340 Hagan Junction,$9.63,Lid - 101216 Oz,1706177018
57,3540346608439996,2975 Bartelt Terrace,$0.28,Maintenance Removal Charge,1706177019
38,5010123484477176,0693 Dwight Crossing,$8.27,Lemon Pepper,1706177020
150,5100148605617336,332 Dayton Terrace,$3.20,Cornish Hen,1706177021
125,4026517255552171,880 Esker Court,$9.86,Bay Leaf Fresh,1706177022
182,5108758324748519,22346 Prairie Rose Park,$7.43,Nantucket - 518ml,1706177023
186,374622461939992,73 Bluejay Drive,$2.69,Trout - Hot Smkd Dbl Fillet,1706177024
37,5428181832130877,90620 Northport Drive,$5.32,White Fish - Filets,1706177025
64,3552329281889781,5323 Holy Cross Crossing,$2.72,Split Peas - Yellow Dry,1706177026
73,3528193354872392,65 Westend Terrace,$7.96,Chocolate - Semi Sweet Calets,1706177027
93,3587550873770514,7570 Beilfuss Alley,$3.88,Salt And Pepper Mix - White,1706177028
28,5610519326401718,6 Hintze Hill,$6.56,Pork Loin Bine - In Frenched,1706177029
68,3572066539249675,9 Havey Way,$1.32,Mushroom - King Eryingii,1706177030
109,3532323496640126,8126 Express Trail,$7.36,Cheese - Colby,1706177031
169,6333940476413614,9713 Bobwhite Park,$9.27,Dried Figs,1706177032
10,3576629151180308,914 Monica Junction,$5.69,Appetizer - Cheese Bites,1706177033
143,50388388040055820,631 Prairie Rose Parkway,$5.70,Alize Red Passion,1706177034
71,5570301223009193,875 Texas Alley,$1.37,Brandy - Bar,1706177035
137,5100177434913855,4789 Northland Place,$1.26,Pasta - Cannelloni Sheets Fresh,1706177036
72,3546950662711622,081 Crownhardt Park,$3.94,Beer - Creemore,1706177037
194,56104181013571299,5 Waywood Crossing,$2.60,Mushroom - Crimini,1706177038
11,6706603323931783172,26 Annamark Crossing,$0.97,Iced Tea - Lemon 460 Ml,1706177039
4,374622363802066,59 Tony Plaza,$7.13,Cake - Bande Of Fruit,1706177040
40,3589370677464935,5632 Heath Hill,$8.85,Tomatoes - Cherry,1706177041
52,3583205865805786,373 Warner Hill,$2.29,Tomatoes - Cherry,1706177042
33,5610853675051802,937 Meadow Vale Hill,$1.47,Cheese - Woolwich Goat Log,1706177043
8,6767675016914357320,3435 Esker Junction,$3.08,Rice Paper,1706177044
100,30588758611147,2 Hauk Park,$2.91,Flour - Whole Wheat,1706177045
180,3564055267202709,53593 Bonner Center,$3.75,Tea - Darjeeling Azzura,1706177046
90,337941829547917,3 Shoshone Court,$0.49,Sauce - Marinara,1706177047
148,5641829302528910,8 Eastlawn Lane,$0.64,Bread Base - Italian,1706177048
176,3563690420023914,4204 Di Loreto Hill,$8.89,Appetizer - Escargot Puff,1706177049
150,201912453858063,76485 John Wall Circle,$3.11,Pork - Bacon Double Smoked,1706177050
169,3578825795977400,340 Canary Junction,$5.86,French Pastries,1706177051
73,5521775880472101,67625 Shoshone Avenue,$5.86,Dasheen,1706177052
182,3577661828256038,6 Browning Point,$6.35,Corn Kernels - Frozen,1706177053
150,5007669121008514,31 Continental Court,$3.75,Tea - Herbal Sweet Dreams,1706177054
45,3577476939958046,6 Jay Avenue,$8.99,Sauce - Hoisin,1706177055
146,5641828004639880622,69 Lukken Drive,$9.40,Lamb - Whole Head Off,1706177056
42,30418058264944,81485 Lighthouse Bay Alley,$4.08,Sole - Iqf,1706177057
173,6377331155731699,1442 Westend Lane,$4.06,Okra,1706177058
164,3537977486543684,652 Magdeline Road,$3.98,Petite Baguette,1706177059
196,3554786198076646,133 Birchwood Center,$3.21,Chocolate Bar - Reese Pieces,1706177060
149,3570445836671777,43181 Monterey Place,$8.51,Juice Peach Nectar,1706177061
94,3583870581293425,4 Ridgeway Plaza,$4.39,Wasabi Powder,1706177062
32,3541992815769110,1126 5th Alley,$2.32,Lobak,1706177063
138,3573057255287246,85932 Talisman Park,$6.18,Cheese - Parmigiano Reggiano,1706177064
51,3556459578635492,802 Onsgard Crossing,$9.91,Arizona - Green Tea,1706177065
45,633110524217471386,69510 Forest Dale Alley,$1.28,Ice Cream - Turtles Stick Bar,1706177066
195,3565381140010716,60231 Ramsey Trail,$9.65,Dip - Tapenade,1706177067
157,3547847154411431,06795 Surrey Junction,$5.79,Bread - Pumpernickle Rounds,1706177068
10,3547968550419883,44752 Becker Junction,$2.12,Lettuce Romaine Chopped,1706177069
78,5374479270694113,96857 Ryan Parkway,$6.80,Gelatine Powder,1706177070
159,3551211297769721,500 Troy Court,$9.47,Beef - Flank Steak,1706177071
8,6334549024776387,36292 Park Meadow Park,$2.80,Compound - Strawberry,1706177072
117,6763406516764829,0 Laurel Point,$2.70,Flax Seed,1706177073
185,3557161204252671,1169 Schmedeman Place,$7.40,Tomatoes - Plum Canned,1706177074
145,6334804186202494,1755 Caliangt Junction,$5.28,Beef - Top Sirloin,1706177075
180,3544930707061813,11 Goodland Point,$5.97,Calaloo,1706177076
162,5602241004015865156,0601 Fuller Alley,$2.39,Bandage - Fexible 1x3,1706177077
143,5048378352417953,7811 John Wall Terrace,$6.63,Flower - Dish Garden,1706177078
85,3562424574497950,41620 Petterle Way,$4.08,Wine - Bouchard La Vignee Pinot,1706177079
195,5602255985172371298,4737 Donald Pass,$5.18,Mackerel Whole Fresh,1706177080
138,060469713429778836,23 Hermina Park,$4.39,Melon - Honey Dew,1706177081
127,201880818345599,01 Annamark Lane,$5.86,Olive - Spread Tapenade,1706177082
184,3565563888308341,010 Stuart Circle,$8.57,Longos - Penne With Pesto,1706177083
62,3546876062219215,349 Jenifer Point,$0.82,Basil - Dry Rubbed,1706177084
103,6763472232328180364,65 Larry Alley,$3.57,Chicken Giblets,1706177085
9,3588956398904885,96106 Alpine Hill,$9.43,Cassis,1706177086
160,5555438914651518,76858 Fallview Way,$9.46,Shiratamako - Rice Flour,1706177087
78,3567490764609006,883 Cascade Center,$0.13,Chips - Doritos,1706177088
175,5602236593872725,11314 Holmberg Plaza,$4.54,Chicken - Soup Base,1706177089
137,36783370988072,6166 Everett Parkway,$3.22,Bagel - Everything,1706177090
10,5010122146197842,37 Forest Place,$0.11,Tea - Jasmin Green,1706177091
22,30469048159959,393 Fairfield Trail,$1.90,Soup - Knorr Chicken Noodle,1706177092
141,5391417909887657,4842 Sauthoff Center,$7.72,Mushrooms - Honey,1706177093
31,343719659099098,98598 Grover Hill,$8.89,Placemat - Scallop White,1706177094
32,3570962397327102,1 Carey Place,$1.68,Dome Lid Clear P92008h,1706177095
70,5177205619033849,201 Maryland Crossing,$8.66,Cheese - Grana Padano,1706177096
61,5602216854408146,7 Shopko Point,$7.73,Beer - Blue Light,1706177097
84,5100139289569331,070 Leroy Point,$9.82,Ecolab - Hobart Upr Prewash Arm,1706177098
117,4017955506183,381 Lunder Park,$6.06,Liqueur - Melon,1706177099
185,4041594612194,1392 Hoffman Park,$8.31,Wine - Soave Folonari,1706177100
140,3531002993562279,5741 Hallows Trail,$9.92,Carbonated Water - Lemon Lime,1706177101
5,3528843925769978,8 Northwestern Avenue,$0.41,Marsala - Sperone Fine D.o.c.,1706177102
95,3561616768168906,009 Burrows Point,$0.31,Cups 10oz Trans,1706177103
145,3569757258202086,429 Forster Junction,$5.25,Soup - Base Broth Chix,1706177104
133,3577880107399687,1 Forest Dale Road,$2.69,Turkey Leg With Drum And Thigh,1706177105
139,3548087891946824,44 Northridge Point,$6.28,Soup - Campbells Chili,1706177106
121,3529065272060103,95 Schurz Avenue,$7.04,Wine - Duboeuf Beaujolais,1706177107
142,5126930422902573,8867 Judy Trail,$0.83,Coffee Cup 8oz 5338cd,1706177108
140,337941410487341,43 Gale Way,$1.03,Cheese - Ricotta,1706177109
55,3564931848301733,9 5th Hill,$3.60,Apricots - Dried,1706177110
40,5498958535896051,5259 Blaine Junction,$7.64,Soup - Campbells Creamy,1706177111
61,3575621658384898,3 Dottie Point,$6.92,Pheasants - Whole,1706177112
29,3529541924058828,87828 Forest Run Court,$9.21,Cherries - Frozen,1706177113
159,6763931608280699,24 Esker Circle,$0.60,Chicken - Bones,1706177114
121,060495212798699846,9 Twin Pines Pass,$3.35,Oil - Sesame,1706177115
136,6388046072965868,867 Declaration Avenue,$6.50,Food Colouring - Pink,1706177116
40,3587823872299912,273 Summit Alley,$7.08,Ham Black Forest,1706177117
167,3563022035787933,9262 Bunting Parkway,$5.28,Iced Tea - Lemon 340ml,1706177118
128,5018424170778256327,4 Michigan Avenue,$6.30,Cucumber - Pickling Ontario,1706177119
142,3561685708328979,14966 Glacier Hill Hill,$4.66,Flavouring - Orange,1706177120
33,63042174949521026,4040 Mosinee Street,$9.77,Peas Snow,1706177121
23,201872051418639,96 Dawn Circle,$9.02,Wine - Jaboulet Cotes Du Rhone,1706177122
163,3583217035220655,9683 Golden Leaf Court,$5.69,Salt - Celery,1706177123
106,5048373950511315,177 Shoshone Point,$8.00,Sauce - Demi Glace,1706177124
168,3547159144257886,3 Linden Alley,$9.66,Tomato Paste,1706177125
45,6389960719543525,744 Anniversary Hill,$6.37,Fruit Mix - Light,1706177126
106,201427932448469,45 Eastlawn Circle,$6.83,Basil - Fresh,1706177127
118,6333210029410404,32 Del Sol Center,$8.06,Pepperoni Slices,1706177128
60,5602223099074667,59 Moulton Crossing,$5.71,Coconut - Whole,1706177129
166,6384381523784095,8305 Bluejay Way,$5.45,Crab - Imitation Flakes,1706177130
165,3530643184013019,89255 Transport Parkway,$7.19,Basil - Seedlings Cookstown,1706177131
19,4017954690798,94674 Dixon Crossing,$2.58,Sauce - Chili,1706177132
141,5414523799166244,448 Cherokee Court,$2.71,Syrup - Monin - Granny Smith,1706177133
130,67628340873325774,82669 Old Shore Circle,$5.64,Rootbeer,1706177134
114,3531939473926278,85 Golf Place,$5.75,Bar Mix - Lime,1706177135
43,6391791427918519,8368 Clove Terrace,$9.10,Creme De Cacao White,1706177136
89,5100143778137808,96 Rutledge Trail,$7.62,Huck Towels White,1706177137
7,4508505157072197,634 American Ash Circle,$3.37,Wine - Jafflin Bourgongone,1706177138
171,374288184158557,2 Stuart Crossing,$1.41,Mint - Fresh,1706177139
131,5100148111267402,7 Butterfield Trail,$6.40,Cauliflower,1706177140
72,56022333817598254,22 Spenser Trail,$5.38,Jam - Blackberry 20 Ml Jar,1706177141
86,676713867030028135,4 Magdeline Terrace,$1.80,Paper Towel Touchless,1706177142
158,30201866110586,96921 Redwing Street,$5.44,Pumpkin,1706177143
8,3577385231051428,4055 Boyd Center,$5.11,Chocolate - Semi Sweet,1706177144
153,374283199704875,96 Fairview Pass,$8.93,Cranberries - Frozen,1706177145
154,5602256657612916,598 Katie Parkway,$1.47,Pear - Halves,1706177146
122,3535264968514935,187 Maple Wood Road,$6.75,Beef - Sushi Flat Iron Steak,1706177147
26,4017956732116450,70 Bellgrove Avenue,$8.51,Cheese - Manchego Spanish,1706177148
113,4026380745187375,985 Kedzie Trail,$9.99,Beef - Top Sirloin - Aaa,1706177149
7,3541122865037776,849 Beilfuss Pass,$6.44,Chicken - Livers,1706177150
122,5602215580136898,28392 Namekagon Drive,$5.57,Beer - Paulaner Hefeweisse,1706177151
62,3550242828708681,72 Bellgrove Road,$4.16,Wine - Alsace Riesling Reserve,1706177152
119,3540867513315633,1 Susan Way,$3.95,Soup - Campbells Classic Chix,1706177153
118,3589843621559380,2500 Spenser Center,$9.14,Cotton Wet Mop 16 Oz,1706177154
7,4017959622127,7074 Trailsway Trail,$4.64,Oil - Sesame,1706177155
111,5018181839869542307,6775 Carpenter Park,$6.56,Sugar - Palm,1706177156
39,4913313187284349,032 Schiller Street,$5.04,Pasta - Linguini Dry,1706177157
12,3534267261009181,96 Leroy Alley,$7.07,Wine - Saint - Bris 2002 Sauv,1706177158
159,5100135084129313,11535 Morningstar Trail,$3.04,Swiss Chard,1706177159
145,4936595105712733673,14608 Melvin Place,$4.76,Pea - Snow,1706177160
158,201785968774284,3 Waubesa Junction,$8.85,Oven Mitts 17 Inch,1706177161
21,5602245010676601,1926 New Castle Alley,$2.41,Trout - Rainbow Frozen,1706177162
135,3582620857264779,8 Ronald Regan Avenue,$1.03,Cheese - Pont Couvert,1706177163
81,3531111525748544,65 Elmside Lane,$2.95,Wiberg Super Cure,1706177164
14,5602217236436177,38 Tony Pass,$0.38,Pike - Frozen Fillet,1706177165
73,3540635865235802,41 1st Drive,$4.93,Spice - Chili Powder Mexican,1706177166
151,3563550449711354,770 Meadow Ridge Road,$6.63,Swordfish Loin Portions,1706177167
48,201676713635153,11 Manley Court,$3.73,Cake Slab,1706177168
123,5010128610660041,87 Talmadge Junction,$4.12,Pastry - Cheese Baked Scones,1706177169
93,201649263310410,1 Mcguire Center,$8.90,Sprouts - Onion,1706177170
195,3578689873823013,156 Northwestern Plaza,$6.10,Juice - Apple 1.36l,1706177171
135,3544892955614901,72234 Texas Drive,$7.21,Shrimp - 100 / 200 Cold Water,1706177172
71,6334498127679934,05781 Dexter Lane,$0.85,Bread - Flat Bread,1706177173
169,30406647347999,83 Meadow Valley Lane,$2.37,Wine - Clavet Saint Emilion,1706177174
65,3580204255786261,14917 Heath Point,$2.83,Dried Apple,1706177175
53,374622260027734,4 Birchwood Avenue,$8.83,Wine - Placido Pinot Grigo,1706177176
30,3555746332125781,97 Rigney Point,$0.52,Sobe - Liz Blizz,1706177177
101,3564969552348805,8400 Sycamore Place,$1.30,Flour - Bread,1706177178
63,3587528241475537,6 Caliangt Avenue,$8.43,Tarts Assorted,1706177179
179,676355459100883343,4 Roth Way,$1.91,French Pastry - Mini Chocolate,1706177180
1,5610925364897305,61656 Bayside Crossing,$3.22,Appetizer - Mini Egg Roll Shrimp,1706177181
5,3569177437464129,95016 Crescent Oaks Junction,$2.82,Mountain Dew,1706177182
199,5038399616814708985,33 Brentwood Plaza,$7.66,Mushrooms - Honey,1706177183
63,3531399648321071,0892 Sundown Crossing,$2.43,Bread Base - Gold Formel,1706177184
141,201830224488012,5 Lerdahl Pass,$1.71,Beef - Tongue Fresh,1706177185
121,5168061607933677,1 Summerview Place,$7.92,Horseradish - Prepared,1706177186
7,3573405802207979,13 Lindbergh Hill,$5.20,Sorrel - Fresh,1706177187
160,4041594208336987,0 Blackbird Terrace,$1.77,Figs,1706177188
98,3545359197076249,8375 Westridge Way,$2.22,Flower - Potmums,1706177189
77,201813943479769,3653 Sutteridge Park,$0.12,Cheese - Grie Des Champ,1706177190
10,589361033520439486,2 Lawn Place,$1.19,Bacardi Limon,1706177191
120,201440431337794,7 Haas Drive,$8.10,Flour - Strong,1706177192
163,3567418320476966,4642 Lien Avenue,$7.00,Bread Fig And Almond,1706177193
136,3568052806727136,35 Reinke Hill,$5.13,Versatainer Nc - 888,1706177194
146,3574052371415531,21695 Summit Hill,$3.01,Bread - Corn Muffaleta Onion,1706177195
31,5583353457454012,888 Myrtle Plaza,$7.63,Sobe - Berry Energy,1706177196
21,3532005012197414,124 Golf Park,$1.95,Tart Shells - Savory 3,1706177197
94,3563557569252127,00510 Homewood Road,$7.61,Plate Foam Laminated 9in Blk,1706177198
129,676157965026231649,6870 Farragut Trail,$5.31,Muffin Hinge - 211n,1706177199
45,3573900854583012,445 Anzinger Street,$0.53,Fennel,1706177200
101,5048378291071986,779 Eliot Plaza,$7.71,Longan,1706177201
7,5007660020127778,130 Oak Hill,$0.23,Capon - Breast Double Wing On,1706177202
112,6334192889405253,027 Grim Alley,$1.05,Towel Dispenser,1706177203
143,4936773140872163092,3 Meadow Vale Road,$0.11,Muffin Mix - Oatmeal,1706177204
1,676292382647762919,2 Shopko Pass,$3.15,Ecolab Digiclean Mild Fm,1706177205
173,3544920160161481,8046 Summerview Place,$6.08,Bread - Burger,1706177206
89,3575593679562077,19465 Service Alley,$0.58,Flour - Bran Red,1706177207
115,3589727215080673,0485 Dakota Center,$2.83,Tea Leaves - Oolong,1706177208
74,371749125922529,2317 Golf Course Hill,$8.11,Muffin Chocolate Individual Wrap,1706177209
46,3581448433748466,3 Monica Point,$7.14,Bowl 12 Oz - Showcase 92012,1706177210
96,30017561457969,3634 Fulton Parkway,$3.46,Wine - Bouchard La Vignee Pinot,1706177211
17,30199805135427,7 Bartelt Plaza,$1.94,Longan,1706177212
104,372301706859131,942 Pine View Point,$5.57,Tea Leaves - Oolong,1706177213
88,3564025625664312,6 Merry Park,$6.09,Crab - Blue Frozen,1706177214
111,3580004679237226,35 Harbort Court,$3.61,Sauce - Mint,1706177215
150,3544284239159640,4730 Little Fleur Lane,$0.21,Cake Sheet Combo Party Pack,1706177216
104,3571281793384313,0321 Meadow Valley Drive,$8.97,Beef - Ground Medium,1706177217
79,3533423578558714,6759 Tomscot Parkway,$6.54,Pepper - Chipotle Canned,1706177218
97,30415749786913,67685 Orin Pass,$9.23,Initation Crab Meat,1706177219
42,4387428127558698,42 Sutteridge Road,$2.50,Eggplant Italian,1706177220
57,374288435369193,2 Gerald Street,$1.13,Spinach - Packaged,1706177221
23,4913328046966241,833 Nancy Lane,$5.44,Bread - Corn Muffaleta Onion,1706177222
150,3572417980968919,38537 Sage Junction,$2.14,Wine - Redchard Merritt,1706177223
60,5602215078968984,6 Express Lane,$7.59,Octopus - Baby Cleaned,1706177224
159,372301267182196,88158 Namekagon Road,$0.76,Soup - Campbells Minestrone,1706177225
109,30172103435161,159 Toban Point,$3.59,Garam Marsala,1706177226
18,50383596692819757,65 Browning Plaza,$7.71,Basil - Pesto Sauce,1706177227
126,3589652335140217,75 Sycamore Crossing,$2.04,Snapple Raspberry Tea,1706177228
85,36893678703493,8020 Hansons Avenue,$2.36,Rum - Cream Amarula,1706177229
113,4041599349602,08 Stoughton Alley,$9.31,Nescafe - Frothy French Vanilla,1706177230
160,560221020109111843,108 Ohio Lane,$0.25,Cheese - Goat,1706177231
108,50188792041905119,41 Graedel Point,$8.42,Compound - Strawberry,1706177232
162,337941273733245,10344 Delladonna Lane,$5.17,Soup Campbells - Tomato Bisque,1706177233
170,5108754090094022,98812 Eliot Pass,$9.19,Wine - Barossa Valley Estate,1706177234
156,3577712514891735,50151 Del Mar Hill,$3.76,Wanton Wrap,1706177235
184,201459534838888,3 Lotheville Hill,$4.61,Tamarillo,1706177236
44,6388879129949653,2370 Kinsman Park,$3.97,Prunes - Pitted,1706177237
59,374622651200569,60 Mifflin Court,$1.48,Island Oasis - Banana Daiquiri,1706177238
20,0604328963824888,4202 Mariners Cove Place,$1.76,Remy Red Berry Infusion,1706177239
16,4175005950650358,77264 Buena Vista Court,$3.25,Artichoke - Hearts Canned,1706177240
193,3570322696964164,07462 Reindahl Park,$3.02,Flour Dark Rye,1706177241
182,5602240558191824,9 Gale Way,$10.00,Chinese Lemon Pork,1706177242
22,4917490457716410,3 Bay Plaza,$2.87,Icecream - Dstk Strw Chseck,1706177243
74,3558206768232590,488 Bultman Park,$4.77,Lotus Root,1706177244
31,201905230079524,34266 Erie Avenue,$7.77,Straw - Regular,1706177245
177,36561594136037,8 Anhalt Point,$7.22,Mix - Cocktail Ice Cream,1706177246
102,5100134176553704,44 Browning Court,$1.28,Wine - Red Pelee Island Merlot,1706177247
173,5610826742361438,528 Melvin Road,$2.58,Mushroom - Chantrelle Fresh,1706177248
171,3538790055491766,97 Morningstar Junction,$5.42,Rye Special Old,1706177249
177,3558268229824589,1205 Del Sol Avenue,$4.05,Chocolate - Milk,1706177250
4,3569324174001371,29 Maple Wood Parkway,$2.98,Shrimp - Tiger 21/25,1706177251
87,3579435112245462,710 Red Cloud Plaza,$2.48,Bacardi Limon,1706177252
196,67592003851002987,90731 Jenna Court,$2.41,Turkey - Oven Roast Breast,1706177253
151,3550206674384418,53 Iowa Crossing,$9.94,Waffle Stix,1706177254
38,3539716817048528,13547 Stoughton Way,$0.62,Madeira,1706177255
146,30123994409773,8952 Fallview Crossing,$3.29,Chevril,1706177256
90,0604693455921589963,9017 Blaine Junction,$4.63,Liners - Banana Paper,1706177257
7,3563047464672074,960 Hermina Junction,$0.90,Plate - Foam Bread And Butter,1706177258
102,6304510185995725,330 Debra Court,$2.38,Apron,1706177259
96,5048373118613094,8 Kropf Street,$5.27,Tarragon - Primerba Paste,1706177260
63,30014318762544,3714 Myrtle Terrace,$6.08,Potato - Sweet,1706177261
187,5100142915386823,547 West Place,$4.82,Pastry - Banana Tea Loaf,1706177262
74,372301798830230,7011 Bartillon Drive,$9.76,Olives - Stuffed,1706177263
52,201679566220289,1 Forest Run Court,$1.72,Lamb - Loin Chops,1706177264
86,4936797594474373,6260 Rockefeller Court,$8.20,Strawberries - California,1706177265
6,374288078419115,6 Riverside Court,$6.47,Cheese - Grie Des Champ,1706177266
118,3549830365084708,729 Elmside Place,$3.11,Coffee Beans - Chocolate,1706177267
49,337941343848411,33 Heffernan Alley,$6.44,Beer - Mill St Organic,1706177268
18,3534024769948307,509 Bluestem Pass,$7.63,Nantucket - 518ml,1706177269
142,3578119792274734,402 Mayfield Pass,$5.72,Calypso - Lemonade,1706177270
98,201861487560312,221 Buhler Alley,$3.30,Cabbage - Savoy,1706177271
77,3568216332544964,9159 5th Junction,$4.40,Cheese - Provolone,1706177272
66,5100137674571060,2 Dorton Hill,$1.54,Dc - Sakura Fu,1706177273
188,30221897639965,2526 Kinsman Avenue,$6.08,Rice - Brown,1706177274
97,3569250814371603,917 Ludington Park,$6.31,Sauce - Black Current Dry Mix,1706177275
119,3567109321794263,15338 Ramsey Street,$0.55,Pizza Pizza Dough,1706177276
7,5602231015777271,2 Kropf Plaza,$8.64,Turkey Tenderloin Frozen,1706177277
122,56022198850927953,5451 Dayton Avenue,$2.54,Wine - Montecillo Rioja Crianza,1706177278
115,340135286978054,80540 Meadow Valley Junction,$8.71,Quiche Assorted,1706177279
102,0604773691623012622,35 Monica Point,$1.23,Chicken - Thigh Bone In,1706177280
74,3548827212982093,02 Grayhawk Way,$0.28,Coffee - Decaffeinato Coffee,1706177281
137,201576543293571,17 Hoard Way,$0.67,Beef - Top Butt Aaa,1706177282
127,6333451314986300919,522 Golden Leaf Crossing,$4.66,Rum - Cream Amarula,1706177283
36,3579877600032490,0 Everett Junction,$8.54,Sparkling Wine - Rose Freixenet,1706177284
190,67615566763105224,5 Schmedeman Street,$2.74,Coffee - Almond Amaretto,1706177285
61,4903218215685452,423 Barnett Plaza,$3.38,Squash - Acorn,1706177286
81,379883753462656,374 Vernon Pass,$0.54,Oven Mitts - 15 Inch,1706177287
177,5602245272486095,21191 Bobwhite Avenue,$7.83,Tomatoes - Roma,1706177288
162,67099670619583579,6879 John Wall Road,$6.32,Oil - Shortening - All - Purpose,1706177289
22,490589801875251160,0 Gina Crossing,$1.84,Jello - Assorted,1706177290
81,3584612892027822,8959 Lake View Parkway,$8.55,Rice - Sushi,1706177291
125,3563251965904628,2209 Kropf Pass,$1.68,Lettuce - Belgian Endive,1706177292
62,4917992245953783,26 Anthes Avenue,$2.79,Marjoram - Fresh,1706177293
39,30274803880009,3200 Sutherland Circle,$4.91,Instant Coffee,1706177294
158,670959441945126297,23209 Spaight Crossing,$10.00,Tomato - Tricolor Cherry,1706177295
164,201739879156727,96566 Forest Run Avenue,$9.81,Rum - Dark Bacardi Black,1706177296
99,560223959017316598,59 Stoughton Parkway,$2.17,Wine - Prosecco Valdobienne,1706177297
16,3562314945636867,880 Anthes Road,$7.78,Glaze - Apricot,1706177298
115,3537342689870691,491 Bonner Drive,$5.25,Pike - Frozen Fillet,1706177299
33,67615559084794578,18412 Laurel Park,$6.66,Ginger - Crystalized,1706177300
112,3562243981633589,593 Pine View Parkway,$5.91,Lamb - Racks Frenched,1706177301
186,3549693252008275,67 Green Ridge Place,$8.80,Capon - Breast Wing On,1706177302
21,3587356983124620,54 Ramsey Plaza,$3.08,Cheese - Colby,1706177303
52,30337470105875,40 Burrows Hill,$2.86,Bread Cranberry Foccacia,1706177304
134,6759733892937133,1393 Sherman Lane,$4.88,Longos - Chicken Curried,1706177305
29,201403898626141,83 Oriole Parkway,$6.36,Petit Baguette,1706177306
91,3548469423328848,163 Vermont Street,$2.85,Galliano,1706177307
6,3553675540558693,0331 Farmco Point,$7.65,Kellogs All Bran Bars,1706177308
60,3563920501054847,45191 Sycamore Circle,$4.97,Veal - Brisket Provimibnls,1706177309
101,3572334100214738,433 Dawn Court,$6.26,Glass - Juice Clear 5oz 55005,1706177310
61,3544576492789108,9806 Dahle Crossing,$8.76,Tart - Lemon,1706177311
153,3535349801188268,285 Namekagon Terrace,$4.71,Soup - Campbells Bean Medley,1706177312
123,372301037891811,6 Mcbride Lane,$0.70,Ecolab - Balanced Fusion,1706177313
54,5100143409042591,09319 Clarendon Hill,$6.27,Nantucket - Pomegranate Pear,1706177314
81,6331105541850610403,70 Delladonna Street,$3.60,Steel Wool,1706177315
25,3576866716619665,703 Brickson Park Crossing,$1.39,Sobe - Lizard Fuel,1706177316
10,3577742298666045,0798 Gina Court,$2.44,Coffee - Decafenated,1706177317
90,3564616169109092,800 Donald Park,$9.85,Muffin Batt - Blueberry Passion,1706177318
89,3547395395746249,67 Towne Terrace,$4.68,Hold Up Tool Storage Rack,1706177319
147,3544885750806300,7641 Scott Alley,$7.28,Wine - George Duboeuf Rose,1706177320
189,5602259627322731,2642 Packers Terrace,$7.27,Appetizer - Escargot Puff,1706177321
153,5186627688980270,85 Northfield Drive,$6.02,Stock - Veal Brown,1706177322
100,6377608397323413,7759 Farwell Parkway,$8.85,Lettuce - Romaine Heart,1706177323
75,3588104230500807,85163 Almo Trail,$5.21,Bagelers,1706177324
56,4917674562970463,728 Walton Trail,$9.19,Soy Protein,1706177325
35,6334922702301291020,60445 Warner Point,$9.86,Wine - Pinot Noir Latour,1706177326
1,6373061808875551,30668 Westerfield Terrace,$4.94,Bread - Ciabatta Buns,1706177327
113,3558864955701296,5354 Melody Trail,$9.08,Sausage - Blood Pudding,1706177328
23,30572025777550,83 Buhler Circle,$0.72,Tomato Paste,1706177329
122,4405307658847985,30 Towne Plaza,$5.07,Trueblue - Blueberry 12x473ml,1706177330
33,3583162178981798,42755 Glacier Hill Drive,$4.31,Bagels Poppyseed,1706177331
160,3578917635838445,73 Spenser Crossing,$2.49,Chicken - Breast 5 - 7 Oz,1706177332
49,5588371313195897,71 Waubesa Terrace,$4.42,Muffin Orange Individual,1706177333
165,3587945425542769,3206 Buena Vista Hill,$8.29,Pasta - Ravioli,1706177334
4,67614399875941497,792 Ridge Oak Hill,$0.53,Irish Cream - Baileys,1706177335
87,3579657760506974,51436 Amoth Circle,$8.86,Tomatoes - Roma,1706177336
84,5140173654242655,17 Grayhawk Place,$4.97,Rice Pilaf Drypackage,1706177337
138,341358340801208,77957 Annamark Place,$6.75,Wine - White Colubia Cresh,1706177338
142,3547008536741892,45 Grim Center,$3.68,Iced Tea - Lemon 460 Ml,1706177339
35,3571452140994464,7059 Reinke Plaza,$0.70,Oil - Olive Bertolli,1706177340
7,5610754135857889,863 Miller Junction,$0.21,Coke - Diet 355 Ml,1706177341
86,3538229693356966,78 Mariners Cove Lane,$6.16,Oil - Margarine,1706177342
164,3546291077213379,6531 Cambridge Pass,$5.60,Bacon Strip Precooked,1706177343
193,490337514181034247,0 Lindbergh Plaza,$6.81,Juice - Lagoon Mango,1706177344
180,3589096413029597,0993 Crowley Street,$9.33,Muffin - Banana Nut Individual,1706177345
192,56022295849535515,0 Bayside Pass,$3.96,Ham - Procutinni,1706177346
13,5602250304933551,41 Cottonwood Avenue,$5.19,Tray - 16in Rnd Blk,1706177347
123,6331105791179558524,373 Laurel Alley,$3.21,Frangelico,1706177348
111,3587340015234086,5874 Mallory Pass,$6.06,Carbonated Water - Orange,1706177349
65,3567961041420920,80 Warrior Hill,$7.13,Bread - Rye,1706177350
130,3554686907049134,421 High Crossing Avenue,$2.20,Pork - Loin Bone - In,1706177351
120,4917708916730353,70043 Welch Lane,$4.86,Shrimp - Baby Warm Water,1706177352
66,3542184052759207,1270 Little Fleur Way,$0.80,Table Cloth 54x54 White,1706177353
108,4844003216432753,38 Kingsford Alley,$2.04,Mix - Cappucino Cocktail,1706177354
15,3554259919157285,658 Crest Line Street,$4.41,Juice - Apple 284ml,1706177355
62,5100147433331003,49 Linden Parkway,$1.71,Pastry - Choclate Baked,1706177356
18,3585239740512844,373 Cardinal Street,$0.23,Turkey - Breast Smoked,1706177357
179,201501005290675,0 Graceland Court,$8.98,Cookie Choc,1706177358
37,3568814608370336,9660 Rowland Point,$0.72,Wine - Alicanca Vinho Verde,1706177359
92,4175002687109246,16 Express Street,$3.90,Browning Caramel Glace,1706177360
74,3586599151590772,4 Lunder Junction,$3.85,Easy Off Oven Cleaner,1706177361
161,3532083882372300,51124 Lighthouse Bay Park,$8.21,Buffalo - Tenderloin,1706177362
109,4175000173783243,3 Messerschmidt Hill,$1.60,Beans - Black Bean Preserved,1706177363
171,3533149319631953,7 Clarendon Street,$5.82,Tuna - Salad Premix,1706177364
134,3551592095410240,79604 Sloan Center,$8.85,Red Currant Jelly,1706177365
141,337941340370666,0915 Lillian Avenue,$8.08,Chips - Doritos,1706177366
141,201651026558574,99491 Carpenter Circle,$0.03,Cheese - La Sauvagine,1706177367
45,6767888388834241402,6178 Bluestem Point,$9.62,Pepper - Cayenne,1706177368
186,3564866845118583,59165 Helena Park,$2.20,Garlic - Primerba Paste,1706177369
150,5195999813758080,11471 Bultman Circle,$9.56,Duck - Whole,1706177370
137,5007661804132091,56282 Emmet Hill,$1.32,Yeast - Fresh Fleischman,1706177371
51,5419043515448433,8154 La Follette Crossing,$7.07,Juice - Ocean Spray Kiwi,1706177372
200,3542192416694150,3 Kings Avenue,$9.09,Juice - Apple 1.36l,1706177373
67,4913205560525936,35 Melody Park,$4.75,Cheese Cheddar Processed,1706177374
72,4017956989167255,7 Marcy Place,$5.02,Basil - Seedlings Cookstown,1706177375
31,6394218607877478,0 Tomscot Pass,$9.54,Lotus Leaves,1706177376
124,6763298195445208362,833 Algoma Drive,$6.65,Broccoli - Fresh,1706177377
200,5602222848675543,0582 East Circle,$6.67,Beef - Ox Tongue,1706177378
73,633110354990105567,1054 Hanover Pass,$3.79,Vinegar - White,1706177379
163,3585776822138253,95076 Union Pass,$8.10,Lettuce - Baby Salad Greens,1706177380
144,676762602518064850,55049 Larry Point,$9.47,Veal - Heart,1706177381
153,3559045637486543,72120 Lakewood Place,$9.14,Pastry - Choclate Baked,1706177382
166,3552081766526970,112 Eggendart Center,$7.05,Black Currants,1706177383
158,3531376034161600,22192 Warbler Pass,$0.73,Shrimp - 16/20 Peeled Deviened,1706177384
176,3551321252134223,345 Morning Parkway,$5.72,Fudge - Chocolate Fudge,1706177385
80,201934345659038,7203 Rieder Place,$4.49,Beef Cheek Fresh,1706177386
23,6706620753073139818,0 Holmberg Pass,$1.48,Crab Meat Claw Pasteurise,1706177387
141,50209504558561200,94 Troy Road,$4.71,Glycerine,1706177388
60,36860431124754,86129 Hoffman Point,$1.79,Crab Meat Claw Pasteurise,1706177389
69,58932259315667280,176 Michigan Court,$8.42,Bread - Hot Dog Buns,1706177390
182,56022300651586182,691 Paget Terrace,$6.82,Wine - Ej Gallo Sonoma,1706177391
152,344618444559292,7 Calypso Avenue,$3.77,Yogurt - Cherry 175 Gr,1706177392
137,3546034829454812,5758 Myrtle Lane,$5.16,Beer - Upper Canada Lager,1706177393
6,4844470824297904,8 Holy Cross Drive,$4.22,Snapple - Iced Tea Peach,1706177394
81,3571054367003183,42 Nelson Point,$4.24,Bar Bran Honey Nut,1706177395
81,3577209148325875,75968 Ridgeway Park,$3.08,Mcguinness - Blue Curacao,1706177396
157,3552068759572939,1 Portage Road,$0.52,Mushroom - Chanterelle Dry,1706177397
82,670633083905297827,1303 Village Green Terrace,$9.27,Wine - White Riesling Henry Of,1706177398
93,374622965692121,52 Anzinger Park,$0.47,Chocolate - Semi Sweet,1706177399
190,337941533612403,0 Buhler Terrace,$8.60,Vermacelli - Sprinkles Assorted,1706177400
34,374622852137164,61 Dennis Trail,$9.39,Lamb - Leg Diced,1706177401
180,374288580217940,618 Hooker Place,$2.34,Coconut - Shredded Unsweet,1706177402
105,4917374188933652,4614 Truax Lane,$1.12,Broom - Angled,1706177403
164,3539101505734491,83608 Harper Hill,$3.50,Oil - Canola,1706177404
98,56022127754065503,590 Sachs Point,$8.39,Wonton Wrappers,1706177405
98,3548527175585194,3 Pankratz Drive,$0.79,Sauce - Salsa,1706177406
200,337941493694987,505 Hansons Way,$4.45,Gloves - Goldtouch Disposable,1706177407
170,30301800127264,1615 Becker Terrace,$2.97,Numi - Assorted Teas,1706177408
117,3546224691439229,93 Ridgeview Street,$6.69,Creme De Cacao Mcguines,1706177409
140,3529469137670389,49559 Transport Terrace,$6.65,Syrup - Monin - Blue Curacao,1706177410
154,501818218470133627,0 Starling Place,$1.51,Flower - Daisies,1706177411
41,3562299559558244,04 Holmberg Center,$4.04,Cognac - Courvaisier,1706177412
66,676799849680162668,79 Manley Avenue,$3.55,Ketchup - Tomato,1706177413
113,490522350925384225,06631 Myrtle Junction,$8.66,Greens Mustard,1706177414
191,4041597340286382,78 Carpenter Hill,$5.17,Wine - Peller Estates Late,1706177415
74,6762395520091210129,09 International Way,$1.98,Nut - Pumpkin Seeds,1706177416
127,3541599426035474,98 Anthes Drive,$5.62,Gin - Gilbeys London Dry,1706177417
100,3541430904220174,17789 Spenser Trail,$0.62,Cognac - Courvaisier,1706177418
120,6380115321479456,381 Ridgeway Plaza,$8.25,Turnip - White Organic,1706177419
22,3536473674252990,190 Hoard Alley,$3.30,Liners - Baking Cups,1706177420
28,5108750273299115,6571 Mcguire Road,$2.13,Pork - Bones,1706177421
157,374288654469948,0255 Lakewood Place,$8.85,Bread - Pita,1706177422
11,3561515341793307,74601 Calypso Place,$8.11,Tia Maria,1706177423
126,560225461700078633,03753 Helena Point,$1.50,Apple - Royal Gala,1706177424
14,3573971553314520,56 4th Lane,$2.02,Beef - Shank,1706177425
159,5010124337254572,126 Crownhardt Park,$6.75,Syrup - Kahlua Chocolate,1706177426
7,5108757149618485,46637 Hazelcrest Alley,$9.38,Wine - Savigny - Les - Beaune,1706177427
68,3541193171203444,2 Ryan Park,$2.88,Apples - Spartan,1706177428
174,5602245567654613,28 Merchant Terrace,$2.22,Bread - Burger,1706177429
129,30525689336113,1 Delaware Terrace,$0.69,Tart Shells - Sweet 3,1706177430
182,4026077082871823,94123 Oneill Court,$2.82,Bag - Clear 7 Lb,1706177431
49,201675515671820,1405 Tennyson Center,$0.48,Bread - 10 Grain Parisian,1706177432
30,5119819989396155,68 Sutteridge Court,$1.88,Cake - French Pear Tart,1706177433
84,5641824353501244274,811 Weeping Birch Center,$4.99,Brownies - Two Bite Chocolate,1706177434
41,3573106510894310,6 Warrior Junction,$0.53,Cheese - Comtomme,1706177435
169,201951603146888,9954 Lukken Lane,$7.60,Tomatoes - Vine Ripe Red,1706177436
185,337941552059072,58 Forster Plaza,$8.27,Table Cloth 144x90 White,1706177437
65,3528934742496752,81 Bultman Trail,$2.16,Swiss Chard - Red,1706177438
132,3576644657685296,48 Londonderry Court,$2.48,Tart Shells - Savory 2,1706177439
100,5020300909669300,4 Beilfuss Hill,$8.22,Mayonnaise,1706177440
54,4041591743991318,303 Crest Line Avenue,$0.01,Smirnoff Green Apple Twist,1706177441
181,5610540471017653,378 Pine View Parkway,$9.11,Shrimp - 16 - 20 Cooked Peeled,1706177442
120,67630787455266527,53 Dakota Street,$2.03,Chicken - Livers,1706177443
33,3588220159330891,69 Lerdahl Center,$4.01,Sherbet - Raspberry,1706177444
141,3568341422100871,2 Anthes Trail,$2.65,Wine - White Cab Sauv.on,1706177445
35,3565544496213966,98550 Stuart Parkway,$4.01,Flower - Potmums,1706177446
78,30387451018563,57592 Ohio Park,$3.44,Sobe - Green Tea,1706177447
3,5523028501983165,9208 Monument Place,$0.37,Pork - Sausage Casing,1706177448
12,4017957418825448,49794 Bellgrove Terrace,$2.36,Stainless Steel Cleaner Vision,1706177449
96,5131074076207055,1 Carioca Avenue,$5.78,Tomato - Tricolor Cherry,1706177450
75,4936769354390008,90 Holy Cross Place,$9.27,Kippers - Smoked,1706177451
107,3559656128006416,86303 Bobwhite Terrace,$5.97,Lobster - Cooked,1706177452
112,3555620904076443,7190 Westridge Lane,$7.10,Cheese - Valancey,1706177453
63,3540192638985271,1 Farwell Center,$8.30,Doilies - 12 Paper,1706177454
183,3532065643842366,482 4th Avenue,$7.02,Juice - Clam 46 Oz,1706177455
138,4913147046287162,12430 Larry Avenue,$0.05,Absolut Citron,1706177456
159,201845795313944,60 Sundown Court,$6.87,Wasabi Paste,1706177457
12,201901467969776,6562 Nova Crossing,$9.86,Basil - Thai,1706177458
154,3581978189277229,98 Veith Park,$9.74,Langers - Ruby Red Grapfruit,1706177459
51,3585944459125593,385 Melvin Parkway,$2.18,Wine - Red Colio Cabernet,1706177460
110,5200095213660068,2 Chinook Park,$1.79,Transfer Sheets,1706177461
64,5020042471246550,5 7th Plaza,$9.64,Capers - Pickled,1706177462
32,374283047798574,43776 Kensington Court,$9.08,Sugar - Cubes,1706177463
84,3586458045441207,077 East Street,$1.60,Beer - Sleemans Honey Brown,1706177464
157,3559802002327441,2442 5th Pass,$8.43,Ham - Proscuitto,1706177465
16,501849822594559055,22055 Dapin Trail,$8.88,Wooden Mop Handle,1706177466
195,3543332663548035,7976 Jenifer Circle,$5.61,Longan,1706177467
49,3547877310144881,6148 Coleman Pass,$0.57,Water - San Pellegrino,1706177468
130,4917703405195788,8 Bellgrove Junction,$5.35,Squid - U - 10 Thailand,1706177469
113,3533289949114010,9219 High Crossing Trail,$4.68,Cookies - Englishbay Chochip,1706177470
69,3564380367230370,595 South Terrace,$2.34,Bacon Strip Precooked,1706177471
38,3529408653910654,748 Hintze Parkway,$6.40,Mushrooms - Honey,1706177472
163,3556093114977355,74420 Moland Lane,$1.88,Chocolate - Milk Coating,1706177473
43,3567262679592449,39 Burning Wood Alley,$0.72,Beans - French,1706177474
44,6767769530765759,97122 Everett Way,$0.51,Soup - Campbells Chicken,1706177475
76,490347879482523448,3125 Vernon Pass,$4.61,Shrimp - Black Tiger 16/20,1706177476
89,5602218402735574,40978 Oxford Terrace,$6.76,Goulash Seasoning,1706177477
165,3587715878813086,58861 Ryan Drive,$0.72,Potatoes - Peeled,1706177478
113,36703511370543,701 Moulton Trail,$6.15,Wine - White French Cross,1706177479
163,670935544317939541,059 Oak Valley Junction,$6.42,Appetizer - Escargot Puff,1706177480
7,5547674577601090,04 Annamark Street,$9.72,Beef - Short Ribs,1706177481
134,6762338404400144,937 Fuller Road,$6.47,Pate - Peppercorn,1706177482
2,3583657758928747,6 Northwestern Point,$2.73,Garbag Bags - Black,1706177483
114,5130717974984149,3623 Carioca Parkway,$5.31,Chives - Fresh,1706177484
196,5345342807590848,2989 Monica Point,$2.71,Latex Rubber Gloves Size 9,1706177485
127,3557610695925211,45 Valley Edge Center,$3.18,Fish - Bones,1706177486
154,3589092125725457,38200 Washington Road,$5.07,Ham - Black Forest,1706177487
95,6759219980551762,735 Pearson Trail,$9.41,Squash - Pepper,1706177488
2,5010124932665719,07144 Loftsgordon Point,$9.68,Tea - Lemon Scented,1706177489
152,5602246782333199,98 Grim Place,$8.40,Venison - Denver Leg Boneless,1706177490
121,6397837801294524,89852 Sullivan Trail,$4.91,Wine - Trimbach Pinot Blanc,1706177491
24,3563292903154496,135 Maryland Pass,$6.83,Cut Wakame - Hanawakaba,1706177492
143,5010129117762900,85 Sutherland Avenue,$6.42,Brandy Cherry - Mcguinness,1706177493
193,5100131736986218,08 Lakeland Street,$8.47,Orange - Tangerine,1706177494
78,3558572495030981,6375 Green Point,$3.26,Sausage - Meat,1706177495
65,3585091956240978,68 Stephen Hill,$9.90,Sauce - Ranch Dressing,1706177496
170,3585275346538213,26 Sloan Street,$5.47,Yeast Dry - Fermipan,1706177497
50,30230401707374,26 Dapin Court,$1.63,Juice Peach Nectar,1706177498
140,6331105090211953607,778 Straubel Parkway,$2.35,Pork - Ham Hocks - Smoked,1706177499
104,201951017086183,862 Talisman Hill,$8.09,Wine - White Antinore Orvieto,1706177500
34,374283662170174,107 Sachs Court,$0.87,Beef - Diced,1706177501
142,201687033323164,44296 Summit Road,$1.37,Crab Brie In Phyllo,1706177502
189,3576158854464058,8033 Vermont Pass,$7.20,Bread - English Muffin,1706177503
86,3528253156534531,9 Manley Crossing,$5.00,Apricots - Halves,1706177504
126,3550000021336258,4977 Park Meadow Way,$7.91,Galliano,1706177505
16,5108670654368562,245 Anthes Road,$3.29,Beef - Inside Round,1706177506
8,3587507535936719,5 Logan Lane,$7.13,Tea - Grapefruit Green Tea,1706177507
107,4026533406014086,3366 Rieder Terrace,$4.52,Chicken - Livers,1706177508
1,3561729862185567,05 Mosinee Road,$8.80,Ice - Clear 300 Lb For Carving,1706177509
121,561042868845958686,71462 Calypso Park,$3.51,Capon - Breast Double Wing On,1706177510
110,5007663545120799,5 Macpherson Avenue,$5.51,Ice Cream - Life Savers,1706177511
159,4905629164370183247,67468 Stone Corner Lane,$3.66,Spic And Span All Purpose,1706177512
57,3585493865013241,5294 Lerdahl Way,$5.51,Sauce - Demi Glace,1706177513
21,5602238238582594,298 Bultman Park,$4.77,Wine - Vouvray Cuvee Domaine,1706177514
145,5002354729253615,59 Cambridge Lane,$4.72,Chips Potato All Dressed - 43g,1706177515
180,3580217542306131,70709 American Pass,$3.14,Duck - Fat,1706177516
180,5428145215905296,846 Pierstorff Pass,$3.44,Potatoes - Fingerling 4 Oz,1706177517
71,6709658246508275,1 Glacier Hill Lane,$1.51,Oil - Margarine,1706177518
92,6763950304192396,61 Kipling Terrace,$6.27,Beef Tenderloin Aaa,1706177519
75,3541288259542661,2 Hermina Circle,$1.76,Fuji Apples,1706177520
2,6383812156940878,9263 Scoville Park,$8.15,Island Oasis - Pina Colada,1706177521
130,5298183738850514,451 Anniversary Parkway,$6.51,Flour - Strong Pizza,1706177522
58,4903854075272195,11617 Onsgard Street,$5.34,Pastry - Apple Muffins - Mini,1706177523
47,374288914995476,898 Golf Course Park,$3.56,Truffle - Whole Black Peeled,1706177524
83,36767062155520,3 Lake View Way,$9.21,Sauce - Black Current Dry Mix,1706177525
45,3585416307901459,2 Sundown Crossing,$2.08,Beef - Eye Of Round,1706177526
41,56022409656204095,83 Texas Crossing,$4.63,Doilies - 10 Paper,1706177527
6,3529122169379136,9423 Rockefeller Circle,$7.27,Seedlings - Buckwheat Organic,1706177528
166,5038788287716622978,0 Norway Maple Park,$9.09,Oil - Olive Bertolli,1706177529
73,201507888450468,0511 Vidon Drive,$6.41,Soup - Chicken And Wild Rice,1706177530
86,5602240080028007,8898 Memorial Plaza,$3.09,Juice - V8 Splash,1706177531
118,6709555889152417510,7934 Leroy Terrace,$0.98,Drambuie,1706177532
111,5356887053112396,162 Browning Point,$9.52,Pasta - Fett Alfredo Single Serve,1706177533
181,3528046300512605,71 Barnett Court,$0.47,Spic And Span All Purpose,1706177534
158,3575261324819058,13 Northview Terrace,$5.01,Cheese - Feta,1706177535
97,3567720582597045,3 Debra Plaza,$1.89,Pastry - French Mini Assorted,1706177536
71,5100177444106813,24721 Manufacturers Pass,$9.35,Muffin Mix - Chocolate Chip,1706177537
17,201557043445226,43843 Schurz Plaza,$9.71,Pie Box - Cello Window 2.5,1706177538
98,3578905568038976,43719 Riverside Hill,$6.23,Pasta - Shells Medium Dry,1706177539
63,5602231078925189,1382 Heffernan Center,$0.46,Rabbit - Whole,1706177540
41,5391631713646824,562 Longview Avenue,$4.65,Cookie - Oreo 100x2,1706177541
33,3541912929213821,29784 Red Cloud Drive,$6.04,Huck White Towels,1706177542
13,3564444300941533,47841 Kropf Point,$2.52,Wine - Riesling Alsace Ac 2001,1706177543
94,343258972588024,5487 Muir Avenue,$0.56,Bread - Burger,1706177544
176,3546166394920841,5303 Hoepker Road,$1.93,Sauce - Apple Unsweetened,1706177545
195,4844725793097241,0 Summerview Circle,$1.19,Wine - Red Gamay Noir,1706177546
70,5602229968129821,796 Lakewood Point,$6.15,Pasta - Agnolotti - Butternut,1706177547
56,201894754590134,2922 Loomis Parkway,$7.54,Longos - Burritos,1706177548
163,3583067126943073,16 Sullivan Drive,$9.94,Pastry - Cherry Danish - Mini,1706177549
14,6394161145552601,30 Ridgeview Street,$7.58,Shrimp - Tiger 21/25,1706177550
142,3558652983982826,6259 Fulton Avenue,$1.21,Cup Translucent 9 Oz,1706177551
153,3576228014374891,82610 Kingsford Lane,$8.66,Venison - Striploin,1706177552
120,3534928788378926,5119 Kim Parkway,$2.39,Pie Filling - Apple,1706177553
74,4911041547183118376,2893 Schiller Lane,$0.04,Gatorade - Lemon Lime,1706177554
183,4026142869674087,62 6th Road,$4.42,Broom And Broom Rack White,1706177555
43,201791681013513,17 Meadow Ridge Center,$9.63,Pork Loin Cutlets,1706177556
184,3540062138512182,24945 Evergreen Lane,$4.11,Beef - Short Loin,1706177557
182,633333030996352640,023 Delaware Drive,$0.22,Juice - Pineapple 341 Ml,1706177558
192,5602251365821395564,20 Northridge Trail,$3.84,Cranberries - Dry,1706177559
154,3535864511057942,00803 Mitchell Hill,$5.16,Pie Filling - Apple,1706177560
62,3557207433320035,84845 Butterfield Park,$4.79,Jam - Raspberryjar,1706177561
145,201779373235973,59 Village Green Parkway,$5.20,Chicken - Breast 5 - 7 Oz,1706177562
67,3540638054853096,648 Lake View Center,$0.35,Tortillas - Flour 8,1706177563
25,201627024687441,3 Truax Circle,$5.09,Island Oasis - Cappucino Mix,1706177564
184,30174892026524,245 Morningstar Plaza,$2.39,Pastry - Apple Large,1706177565
185,4913172127855869,87798 Corben Point,$4.40,Tomatoes - Orange,1706177566
12,5293461015981748,6 Meadow Ridge Hill,$4.58,Energy - Boo - Koo,1706177567
32,201924060869839,780 6th Crossing,$9.18,Ecolab - Hobart Upr Prewash Arm,1706177568
77,4903100959439629079,7 Haas Avenue,$3.07,Plastic Wrap,1706177569
29,30597627037335,59028 Gulseth Place,$6.33,Ice Cream Bar - Drumstick,1706177570
105,4913534993062948,04 Village Hill,$7.91,Mushroom - Morels Dry,1706177571
121,56022593276213428,55 Kedzie Center,$0.55,Trueblue - Blueberry,1706177572
162,3538254760653525,932 Esker Park,$7.71,Apple - Fuji,1706177573
102,3542486157152414,5593 Melby Parkway,$4.31,Pepper - Green,1706177574
156,5610230014542397,9041 Norway Maple Junction,$9.82,Parasol Pick Stir Stick,1706177575
149,4026630447876109,1512 Old Gate Center,$9.72,Pastry - Chocolate Chip Muffin,1706177576
194,4026761890079956,3 Stang Terrace,$3.04,Garlic Powder,1706177577
30,589379964910095068,15 Oneill Alley,$1.57,Lemonade - Black Cherry 591 Ml,1706177578
31,6388646993659167,59 Esker Trail,$5.31,Onions - Red Pearl,1706177579
69,3543743580931593,048 Cascade Place,$8.98,Fib N9 - Prague Powder,1706177580
15,4508301423884619,4883 Schmedeman Place,$0.87,Macaroons - Homestyle Two Bit,1706177581
162,5002359646191509,93708 Waxwing Terrace,$0.01,Chicken - Soup Base,1706177582
90,3586232792784022,1 Surrey Alley,$3.30,Table Cloth 144x90 White,1706177583
8,4508618327227532,11 Monterey Alley,$8.97,Energy Drink - Franks Original,1706177584
87,4913000737069292,834 Clarendon Lane,$9.71,Macaroons - Homestyle Two Bit,1706177585
59,3546685957586277,20 Daystar Park,$2.68,Beef - Top Butt Aaa,1706177586
173,337941127937117,963 Elgar Road,$3.09,Wine - Harrow Estates Vidal,1706177587
116,5610178391575673439,2218 Lotheville Lane,$8.94,Water - San Pellegrino,1706177588
8,4041597040797522,46 Ridgeway Court,$8.81,Zucchini - Green,1706177589
78,3530603191056930,28321 Armistice Alley,$3.16,Veal - Liver,1706177590
122,4936263900575228196,5 Clyde Gallagher Court,$0.99,Soy Protein,1706177591
181,201591366755176,21473 Miller Alley,$7.80,Cake - Mini Potato Pancake,1706177592
99,4026643690890768,6401 Gale Drive,$3.74,Pork Salted Bellies,1706177593
64,30152031772836,2792 Monument Center,$3.13,Coffee - Flavoured,1706177594
168,5602248869638516,05566 Sherman Pass,$7.94,Beef - Ground Extra Lean Fresh,1706177595
8,5602221196028644,3013 Sheridan Hill,$7.56,Cookie Chocolate Chip With,1706177596
156,3540648578102268,1 Spohn Lane,$9.50,Cabbage - Red,1706177597
142,30345620702608,6 Carey Circle,$1.36,Potatoes - Idaho 80 Count,1706177598
196,30181661771396,24245 Lukken Crossing,$3.47,Bamboo Shoots - Sliced,1706177599
101,3563727230108772,4774 Anniversary Road,$2.37,Foam Espresso Cup Plain White,1706177600
181,3537973701976387,47539 Clemons Drive,$9.12,Banana - Leaves,1706177601
103,63043262594396924,106 Forest Run Circle,$3.71,Trout - Rainbow Fresh,1706177602
83,4903801891170134575,823 Division Point,$0.84,Lidsoupcont Rp12dn,1706177603
169,4508043429100455,15 Waywood Pass,$6.82,Mace Ground,1706177604
29,3570023411382084,497 Old Shore Alley,$9.43,Pastry - Baked Cinnamon Stick,1706177605
153,201744480735240,7489 Truax Avenue,$5.40,Jerusalem Artichoke,1706177606
57,5108754282888363,58429 Bellgrove Court,$1.45,Tomatoes - Plum Canned,1706177607
138,3565266186703573,20 Bonner Point,$7.82,Chocolate Bar - Coffee Crisp,1706177608
119,3547084177658083,35 Eagan Drive,$0.26,Tomatoes - Heirloom,1706177609
92,5610362609266437,3705 Magdeline Alley,$9.65,Beer - Camerons Cream Ale,1706177610
59,3550845844610275,9480 Swallow Terrace,$8.07,Lemonade - Island Tea 591 Ml,1706177611
98,201712508105217,61795 Miller Drive,$7.50,Pork - Back Short Cut Boneless,1706177612
93,560223045371812552,8 Harper Alley,$5.20,Rabbit - Whole,1706177613
47,6334895409556161,5 Clemons Lane,$6.15,Bread - Crumbs Bulk,1706177614
23,3530769633752897,20506 Bowman Trail,$7.42,Evaporated Milk - Skim,1706177615
44,3545992576618023,92881 Springs Plaza,$1.51,Fenngreek Seed,1706177616
77,5594049596412625,671 Blaine Crossing,$2.39,Orange Roughy 4/6 Oz,1706177617
192,3566044102011523,0701 Bluestem Trail,$8.49,Soup - Base Broth Chix,1706177618
169,3561317063162559,773 6th Lane,$9.34,Dish Towel,1706177619
111,3580481154146447,42105 Carberry Park,$3.29,Pheasants - Whole,1706177620
74,3539864541164136,97816 Brentwood Junction,$2.14,Orange - Canned Mandarin,1706177621
54,374283539114389,68298 Onsgard Plaza,$9.66,Cheese - Brick With Onion,1706177622
179,3558852701495164,999 Eagan Center,$4.51,Vermouth - White Cinzano,1706177623
135,5100140794091993,19 Carey Way,$8.68,Kale - Red,1706177624
137,3579783987254535,22 Myrtle Drive,$4.45,Oysters - Smoked,1706177625
192,3543043157095959,89 Waubesa Center,$3.45,Wine - Niagaravqa Reisling,1706177626
181,3532925705865797,1 Green Terrace,$4.28,Baking Powder,1706177627
174,3540924767135546,53859 Charing Cross Drive,$4.66,Jam - Marmalade Orange,1706177628
179,3585364507749015,3459 Mendota Park,$5.20,Butcher Twine 4r,1706177629
10,6706189521971184894,099 Messerschmidt Crossing,$0.79,Milk 2% 500 Ml,1706177630
113,3562533704687049,8632 Darwin Plaza,$8.46,Sprouts - Baby Pea Tendrils,1706177631
196,633354185719974189,84 Waywood Street,$9.36,Beef - Top Sirloin - Aaa,1706177632
62,50383003182784062,117 Michigan Plaza,$4.82,Bread - Crumbs Bulk,1706177633
185,5563751293248023,5 Wayridge Alley,$8.92,Chocolate - Unsweetened,1706177634
187,3533047205745970,818 Grasskamp Junction,$3.87,Foam Cup 6 Oz,1706177635
151,3580446872122913,12196 Birchwood Place,$6.90,Dish Towel,1706177636
66,3558540699990979,9308 Johnson Place,$8.89,Anchovy Fillets,1706177637
47,3563142708032597,989 Randy Plaza,$3.88,Wine - Coteaux Du Tricastin Ac,1706177638
89,5020411675070833293,52338 Oneill Plaza,$2.42,Cheese - Romano Grated,1706177639
21,30246444560836,8 Dixon Place,$5.13,Icecream - Dibs,1706177640
121,3557344190527948,83464 Bobwhite Drive,$4.09,Tea - Darjeeling Azzura,1706177641
53,5100135571530411,12 Clove Junction,$9.03,Mushroom - Enoki Dry,1706177642
62,676138322809253297,8098 Milwaukee Park,$0.74,Lambcasing,1706177643
101,6759179254209531,390 Sage Lane,$0.85,Sping Loaded Cup Dispenser,1706177644
113,3562184052498033,67 Debra Circle,$1.10,Wine - Clavet Saint Emilion,1706177645
98,5048375516364824,382 Butternut Circle,$9.28,Cabbage - Savoy,1706177646
91,3538447046089510,0 Little Fleur Avenue,$3.21,Ecolab - Power Fusion,1706177647
124,3570419361342146,2 School Circle,$6.64,Soup - Campbells Bean Medley,1706177648
3,4017954391942167,0 Jana Road,$1.27,Paper Cocktail Umberlla 80 - 180,1706177649
1,4936174257749643695,52202 Loeprich Hill,$8.19,Beef - Bones Cut - Up,1706177650
141,337941894275832,6 Oneill Road,$8.46,Bread - White Unsliced,1706177651
155,3583333928858046,46 Buell Avenue,$7.09,Wine - Cahors Ac 2000 Clos,1706177652
158,3549432104149460,79053 Fuller Point,$6.21,Bar Mix - Lime,1706177653
190,5048374961110089,0739 Mccormick Circle,$3.04,Coffee - French Vanilla Frothy,1706177654
7,5300445754442229,914 Browning Parkway,$9.27,Wine - Saint Emilion Calvet,1706177655
198,3537655993928578,20 Goodland Trail,$0.89,Juice - Ocean Spray Cranberry,1706177656
80,67063671725693254,1 Straubel Center,$0.70,Clam - Cherrystone,1706177657
30,36431939772427,9811 Burning Wood Court,$7.03,Chevere Logs,1706177658
92,3566410695324898,10 Tennyson Road,$2.07,The Pop Shoppe - Lime Rickey,1706177659
182,493652069050308017,09 Steensland Center,$9.59,Appetizer - Escargot Puff,1706177660
52,5100175446850610,53 Hovde Street,$9.35,Jolt Cola - Electric Blue,1706177661
130,56022458184591325,98828 Clemons Pass,$1.72,Cream - 10%,1706177662
139,30255922997527,8 Darwin Crossing,$1.16,Nantucket - Kiwi Berry Cktl.,1706177663
152,3548523750332623,67952 Lakewood Gardens Drive,$7.34,Water - Spring Water 355 Ml,1706177664
161,5602256343567151,9 American Center,$0.13,Temperature Recording Station,1706177665
26,4041597402676,664 Washington Park,$4.01,Appetizer - Seafood Assortment,1706177666
173,5100133834696640,69424 Burning Wood Parkway,$1.17,Catfish - Fillets,1706177667
110,4917222091977409,33340 Meadow Valley Circle,$0.59,Apple - Granny Smith,1706177668
28,3549035491742472,1 Huxley Road,$9.65,Sunflower Seed Raw,1706177669
74,3589858391456070,21712 Gale Parkway,$8.92,Fennel,1706177670
137,67712415741716243,61 Montana Trail,$4.46,Pasta - Elbows Macaroni Dry,1706177671
77,5108758630424870,8959 Lighthouse Bay Alley,$7.25,Juice - Apple 500 Ml,1706177672
9,6706828540706845220,04769 Sundown Avenue,$0.94,Pernod,1706177673
141,3566093572584444,1312 Autumn Leaf Center,$5.24,Appetizer - Seafood Assortment,1706177674
163,5007664249780128,1 Pine View Court,$0.73,Lamb - Bones,1706177675
60,5602248000057642,612 Blue Bill Park Way,$5.56,Ice Cream - Vanilla,1706177676
111,3566346047701831,239 Dovetail Lane,$8.27,Jam - Raspberry,1706177677
64,5602245520269293,92535 South Place,$4.50,Iced Tea Concentrate,1706177678
166,5007666217262294,7273 Dwight Trail,$9.79,Appetizer - Sausage Rolls,1706177679
59,3553736123962197,4 Northwestern Park,$5.34,Oil - Coconut,1706177680
57,4936129565753694,0539 Bluestem Point,$8.34,Plastic Wrap,1706177681
63,5191950847980459,3 Kenwood Way,$5.72,Island Oasis - Lemonade,1706177682
194,3563685981722904,4295 Bunker Hill Avenue,$9.66,Ham - Virginia,1706177683
143,6387004355383714,484 Anderson Court,$4.09,Horseradish - Prepared,1706177684
70,3545742587809594,9 Lillian Junction,$2.19,Sole - Iqf,1706177685
16,30125686646588,60562 Bultman Place,$1.01,Alize Sunset,1706177686
36,675974819163125366,20944 Golden Leaf Drive,$7.31,Cookies - Assorted,1706177687
97,6333726377355040613,626 Bobwhite Junction,$9.49,Cake - Bande Of Fruit,1706177688
159,3532737960581328,9846 Mcbride Circle,$7.20,Sorrel - Fresh,1706177689
172,6334881915847621786,6 Raven Crossing,$5.38,Scallops - 10/20,1706177690
60,3534750642036684,5 Elgar Lane,$8.55,Lobster - Baby Boiled,1706177691
49,5641824045187487884,9213 Montana Terrace,$5.52,Trout - Smoked,1706177692
63,3563790416219805,971 Glendale Junction,$0.88,Tea - Darjeeling Azzura,1706177693
139,3570881657513187,956 Raven Lane,$8.86,Island Oasis - Sweet And Sour Mix,1706177694
115,5602232584820609,577 Little Fleur Hill,$8.16,Pear - Halves,1706177695
24,630491736549255544,2 Onsgard Terrace,$4.05,Food Colouring - Orange,1706177696
30,6370917946821422,269 Dawn Circle,$1.70,Wine - White Lindemans Bin 95,1706177697
93,374288281812023,1 Kedzie Court,$3.67,Mustard - Individual Pkg,1706177698
92,3528643404846044,730 Thompson Court,$3.32,Sugar - Monocystal / Rock,1706177699
9,3544676571986359,4 Nelson Court,$9.49,Bonito Flakes - Toku Katsuo,1706177700
40,3583837272861927,38 Ryan Alley,$5.70,Sugar - Cubes,1706177701
59,6706515268557403,09 Hauk Avenue,$0.53,Monkfish - Fresh,1706177702
151,5108756292429187,918 Hoepker Parkway,$0.32,Muffin - Mix - Creme Brule 15l,1706177703
13,633472888691781962,74 Clove Park,$8.80,V8 - Vegetable Cocktail,1706177704
143,3533203553358409,1 Pankratz Alley,$6.79,Pork - Bacon Cooked Slcd,1706177705
91,3563600429588650,33373 Monica Avenue,$1.54,Pepper - White Whole,1706177706
151,4508056635551881,67798 Sunbrook Pass,$8.74,Beer - Maudite,1706177707
49,5449902198333242,4 Independence Place,$7.84,Jam - Raspberryjar,1706177708
133,5496769632268330,26 Warner Terrace,$7.23,Wine - Merlot Vina Carmen,1706177709
33,5546398374674941,732 Forster Lane,$4.02,Beef - Tongue Fresh,1706177710
171,589325270912811139,87022 Bluestem Park,$6.27,Soup - Boston Clam Chowder,1706177711
138,6706217236097005628,83397 Maywood Way,$4.88,Crab - Back Fin Meat Canned,1706177712
41,5602250146686413366,4 Ryan Place,$7.67,Beer - Creemore,1706177713
187,201835538336161,267 Rieder Crossing,$2.46,Doilies - 7 Paper,1706177714
71,490511157197662086,8293 Erie Plaza,$3.62,Rice - Long Grain,1706177715
50,30063371331945,7 Badeau Drive,$7.46,Soup Campbells Split Pea And Ham,1706177716
163,3557117946845222,060 Mallory Park,$7.66,Turkey - Breast Bone - In,1706177717
109,4175003637064044,80 Hayes Lane,$7.65,Squash - Acorn,1706177718
180,3558746415137262,83 Kennedy Trail,$5.08,Muffin Mix - Blueberry,1706177719
182,3587164378642507,9 Bultman Crossing,$2.76,Oil - Safflower,1706177720
10,4405558135428696,1915 Dwight Terrace,$9.03,Dish Towel,1706177721
136,5399697065806151,46 Havey Trail,$2.30,Vaccum Bag - 14x20,1706177722
109,6334528334887458704,69 Bluestem Junction,$4.92,Beer - Sleemans Honey Brown,1706177723
189,3563554237061469,4185 Paget Road,$4.13,Garlic - Peeled,1706177724
168,4017956154454,7730 Barnett Way,$2.72,Cake - Mini Potato Pancake,1706177725
152,374622525998091,3116 Dapin Point,$8.57,Onions - Spanish,1706177726
73,3528176783116275,5 Burrows Court,$4.06,Wine - White Pelee Island,1706177727
48,6759902770220035010,6 Talmadge Point,$0.39,Mustard Prepared,1706177728
130,5002357215880759,4285 Mayer Point,$4.84,Bar - Granola Trail Mix Fruit Nut,1706177729
90,4508352029762352,190 Jenna Point,$2.81,Gatorade - Xfactor Berry,1706177730
188,4508323722922791,403 Gulseth Park,$1.34,Wine - Chenin Blanc K.w.v.,1706177731
144,3528954994005648,2 Manitowish Road,$7.97,Mangostein,1706177732
48,3539874525662021,8 Corry Pass,$6.48,Flour - Buckwheat Dark,1706177733
56,5602257791829523,3 Lien Alley,$2.14,Coffee Cup 8oz 5338cd,1706177734
121,3577470989062973,605 Forster Hill,$2.11,Fish - Base Bouillion,1706177735
150,4917487942140610,74451 Aberg Street,$3.68,Beer - Steamwhistle,1706177736
43,3589274638127641,922 Elka Lane,$6.47,Spring Roll Veg Mini,1706177737
199,3574372215129266,28 Granby Court,$2.08,Cucumber - Pickling Ontario,1706177738
157,201601132471394,653 Brentwood Junction,$1.58,Syrup - Monin Amaretta,1706177739
30,3544602460100860,8 Declaration Hill,$0.03,Lamb Rack Frenched Australian,1706177740
54,5602232182912824,97 Hansons Lane,$4.62,Mix - Cappucino Cocktail,1706177741
112,0604190522517988327,4656 Fallview Road,$5.68,Pepper - Paprika Hungarian,1706177742
39,5602225506113736501,50 Montana Plaza,$4.16,Wine - Magnotta - Belpaese,1706177743
160,3532681216715431,13 Havey Court,$6.40,Jolt Cola - Red Eye,1706177744
3,3543876658992673,03670 Miller Hill,$3.13,Beef - Rib Roast Cap On,1706177745
134,5602255450349567799,7 Merrick Alley,$2.10,Wine - Alsace Gewurztraminer,1706177746
15,56108772515166756,04 Golf Course Alley,$0.84,Bar Energy Chocchip,1706177747
101,3565616046728642,424 Sutherland Road,$1.64,Puree - Raspberry,1706177748
129,3537712018432662,876 4th Avenue,$8.54,Onions - Dried Chopped,1706177749
57,3575038060744629,34 Schmedeman Place,$7.35,Garlic - Primerba Paste,1706177750
131,6759237179795127168,4848 Park Meadow Place,$3.33,Wine - Gato Negro Cabernet,1706177751
200,5550370885156646,7 Thierer Junction,$4.40,Pepper - Black Crushed,1706177752
19,3561732244494491,9594 New Castle Terrace,$2.50,Oregano - Fresh,1706177753
33,201462853359049,80 Anthes Drive,$9.10,Sauce - Gravy Au Jus Mix,1706177754
191,4612646221800206,738 Vernon Place,$9.51,Beans - Black Bean Dry,1706177755
194,3576075140658782,287 Moose Alley,$0.05,Coffee - French Vanilla Frothy,1706177756
21,3543008131082480,79921 Florence Plaza,$0.49,Wine - Tribal Sauvignon,1706177757
114,6373200144603323,9522 Evergreen Place,$3.09,Chicken - Livers,1706177758
4,3577696450558764,3892 Toban Junction,$0.50,Beef - Ground Lean Fresh,1706177759
24,6762213728134870391,7613 Linden Lane,$0.48,Tomatoes,1706177760
116,3569640324379163,067 Service Terrace,$5.98,Tea - English Breakfast,1706177761
145,3577439360997263,171 Del Sol Circle,$9.26,Cinnamon Rolls,1706177762
165,3552402670523343,721 Mariners Cove Crossing,$8.71,Ecolab - Power Fusion,1706177763
103,3537536884944645,0 Valley Edge Terrace,$7.85,Wine - Cousino Macul Antiguas,1706177764
21,676213254738042640,39902 Oneill Avenue,$9.59,Containter - 3oz Microwave Rect.,1706177765
187,3566022811567225,861 Milwaukee Court,$8.43,Chicken - Wings Tip Off,1706177766
2,5007667070466667,65 Elka Park,$4.89,Arizona - Plum Green Tea,1706177767
102,201806889360514,29068 Elmside Court,$6.23,Bread - Multigrain Oval,1706177768
22,3570825620183750,959 Bunker Hill Court,$2.80,Gherkin - Sour,1706177769
113,3532401966097058,66135 Summer Ridge Terrace,$2.60,Mustard - Pommery,1706177770
194,3572443689064552,091 Quincy Street,$4.13,Mushroom - Chantrelle Fresh,1706177771
165,3554921536090773,6254 Jana Pass,$9.63,Lemonade - Strawberry 591 Ml,1706177772
69,5100173406048788,417 Namekagon Junction,$9.41,Octopus,1706177773
14,201757195792702,93 Manufacturers Alley,$2.02,V8 Splash Strawberry Banana,1706177774
161,3535059546812524,6 Saint Paul Crossing,$8.94,Soup - Campbells Spinach Crm,1706177775
87,5610625339864139,3897 Jana Parkway,$2.52,Spice - Paprika,1706177776
66,3578020258806060,1979 Artisan Court,$3.66,Canada Dry,1706177777
105,4508470983127931,06874 West Road,$6.20,Oil - Shorteningliqud Fry,1706177778
171,3568681941682028,265 Armistice Hill,$6.19,Oregano - Dry Rubbed,1706177779
143,30182111495453,8763 Holy Cross Hill,$1.75,Pepper - Red Thai,1706177780
53,676170787454643795,33 High Crossing Circle,$5.29,Chinese Lemon Pork,1706177781
73,6334089691671274774,03 Glacier Hill Way,$8.81,Oil - Peanut,1706177782
61,4017951363943009,86773 Longview Junction,$9.49,Bar Special K,1706177783
155,3553921670288978,4 Holmberg Parkway,$4.66,Wine - Fino Tio Pepe Gonzalez,1706177784
55,30366901054782,68 Hayes Pass,$2.43,Dried Cranberries,1706177785
1,3533842232431705,270 Buell Way,$3.81,Wine - Niagaravqa Reisling,1706177786
40,490549771466880165,416 Upham Alley,$6.02,Bread - Petit Baguette,1706177787
70,5602216561834436,8 Hallows Street,$9.54,Gooseberry,1706177788
149,3588897591187458,34723 Shelley Plaza,$6.97,Cheese - Provolone,1706177789
125,3553185577656063,19 Messerschmidt Trail,$7.13,Cookie Trail Mix,1706177790
136,3551264465952967,6297 Charing Cross Avenue,$5.60,Cake Circle Paprus,1706177791
94,3587347022888549,44 Valley Edge Street,$5.52,Vinegar - White,1706177792
199,675933258203201731,8448 5th Pass,$0.89,Chips - Doritos,1706177793
79,5007667988381842,781 Shasta Place,$5.74,Pie Shell - 9,1706177794
173,3565799110580931,5 Memorial Street,$4.82,Champagne - Brights Dry,1706177795
195,5201799724105369,75 Golf Way,$5.07,Wine - White Gewurtzraminer,1706177796
18,3573426188647919,6 Messerschmidt Circle,$9.42,Bread - Rolls Corn,1706177797
51,337941510235327,9800 Rigney Park,$9.95,Pork Casing,1706177798
108,5048375564410677,4785 Bartelt Road,$9.44,Beef - Kobe Striploin,1706177799
49,4508433611646946,38556 Grayhawk Pass,$9.49,Soup - Campbells Lentil,1706177800
4,56022360516256363,351 Sunnyside Avenue,$6.91,Coffee Caramel Biscotti,1706177801
156,3550535992396484,33 Thierer Parkway,$0.69,Beans - French,1706177802
63,201795845153826,01290 Little Fleur Lane,$0.04,Soupfoamcont12oz 112con,1706177803
185,3546533647313787,23834 Butternut Junction,$2.56,Sugar - Brown,1706177804
192,630456619626533640,3 School Parkway,$2.36,Lamb Rack Frenched Australian,1706177805
172,6381839074008688,96 Butterfield Lane,$4.92,Chocolate - Liqueur Cups With Foil,1706177806
113,5100175432802591,3 Merry Point,$2.27,Coffee - Egg Nog Capuccino,1706177807
112,30361074481094,669 Messerschmidt Way,$6.32,Cheese - Ermite Bleu,1706177808
183,3585061320755647,9505 Chinook Lane,$0.53,Salt - Table,1706177809
199,3534026531031452,048 Mendota Park,$0.70,Octopus,1706177810
187,4774440188403,8 Ilene Road,$7.79,Wine - Zinfandel Rosenblum,1706177811
126,3579924490874985,2 Manitowish Parkway,$6.88,Shrimp - 16/20 Peeled Deviened,1706177812
43,5602242802421841,24674 Bluejay Trail,$4.07,Lid Coffeecup 12oz D9542b,1706177813
158,30326409981746,70 Manitowish Alley,$4.90,Cup - Translucent 7 Oz Clear,1706177814
2,30274859674058,8433 Pennsylvania Parkway,$2.48,Potatoes - Yukon Gold 80 Ct,1706177815
56,3539744412719228,7183 Autumn Leaf Road,$8.87,Wine - Black Tower Qr,1706177816
96,3578588868197559,61 Walton Pass,$5.90,Canada Dry,1706177817
98,5270731719924898,31 Mifflin Road,$8.95,Longos - Burritos,1706177818
36,201634087307172,4 Farragut Street,$9.63,Laundry - Bag Cloth,1706177819
90,3535217960231031,7 Vernon Park,$9.32,Ecolab - Lime - A - Way 4/4 L,1706177820
79,4393779498869,04973 Tomscot Parkway,$9.08,Soup - Campbells Pasta Fagioli,1706177821
146,3577361075150337,5819 Colorado Way,$8.42,Artichokes - Jerusalem,1706177822
165,3554289001156952,98 Bellgrove Way,$5.41,Milk - Condensed,1706177823
121,3568558241164974,4424 Sauthoff Hill,$1.99,Bread - Crusty Italian Poly,1706177824
99,4405065619374420,42941 Scoville Court,$4.59,Lettuce - Romaine,1706177825
147,3555504569355195,931 3rd Junction,$7.00,Absolut Citron,1706177826
69,5141667385978833,36217 Sunfield Circle,$6.98,Tia Maria,1706177827
59,491135776159438971,31446 Sunfield Center,$7.64,Wine - Delicato Merlot,1706177828
9,4509254612407,8 John Wall Terrace,$0.75,Oil - Shortening - All - Purpose,1706177829
194,3550423783177746,96 Garrison Way,$2.93,Mushroom - Porcini Dry,1706177830
180,5038341752437627,40 Graedel Junction,$7.72,Table Cloth - 53x69 Colour,1706177831
68,3541746351640204,03 Delaware Pass,$8.81,Turkey - Breast Smoked,1706177832
31,3547672447051186,2 Carpenter Trail,$8.02,Tea - Black Currant,1706177833
198,675986325738278959,9015 Bashford Place,$3.22,Wine - Niagaravqa Reisling,1706177834
99,3570667638517730,43 Upham Street,$0.79,French Pastries,1706177835
36,4026316623903616,08 Lotheville Plaza,$0.96,Ham - Virginia,1706177836
102,201621440613107,0046 Parkside Crossing,$7.84,Cinnamon - Stick,1706177837
142,372301537139851,5 5th Terrace,$8.01,Wine - White Concha Y Toro,1706177838
112,4026590229355542,4 Meadow Vale Crossing,$3.22,Fruit Mix - Light,1706177839
38,6304850794368582929,9323 Ridgeview Way,$7.75,Pur Value,1706177840
89,3537456353100043,9382 Ridgeway Trail,$1.74,Cheese - Bocconcini,1706177841
173,5582529711928146,7919 Susan Junction,$3.56,Mousse - Mango,1706177842
191,5602254342409467,12 Ilene Pass,$9.44,Vodka - Hot Lnferno,1706177843
19,3538174818673525,62727 Sutherland Circle,$2.41,Quail Eggs - Canned,1706177844
94,3568856612430697,8236 Spohn Hill,$5.60,Wine - Zinfandel Rosenblum,1706177845
91,201832686244958,948 Mitchell Center,$3.75,Trout - Rainbow Frozen,1706177846
117,3569505538283636,799 Hallows Street,$4.71,Split Peas - Green Dry,1706177847
15,3562350168463746,9 Mcguire Court,$3.66,Mcgillicuddy Vanilla Schnap,1706177848
22,3585415513105673,94875 Corry Crossing,$6.50,Wonton Wrappers,1706177849
18,6709064851726735359,9498 Florence Crossing,$5.58,Shark - Loin,1706177850
176,3556446262660613,24427 Kennedy Pass,$3.18,Wasabi Powder,1706177851
78,5100178581004753,50 Mendota Pass,$4.19,Soup - Campbells Chicken,1706177852
84,3567387411686520,083 Chinook Court,$2.06,Flour - Chickpea,1706177853
99,3555134624746814,5300 Granby Parkway,$4.93,Cheese - Mozzarella,1706177854
106,3560282986705127,320 Canary Hill,$0.91,Vanilla Beans,1706177855
114,5111478115490404,024 Kinsman Way,$1.53,Lamb - Shanks,1706177856
51,4911580306867389200,25512 Homewood Crossing,$8.43,Mushroom - White Button,1706177857
7,4026830837352295,44 Stang Terrace,$1.88,Sausage - Chorizo,1706177858
127,3538630357346740,9878 Northwestern Center,$4.06,Sping Loaded Cup Dispenser,1706177859
167,5559104611515788,48 Weeping Birch Drive,$2.48,Pie Shell - 5,1706177860
190,4905382067814970,54365 Eastwood Circle,$7.18,Beef - Short Ribs,1706177861
126,3568570081884819,67 Vernon Alley,$3.34,Cookies - Assorted,1706177862
84,5338402580024107,2174 Old Shore Point,$2.29,Ginger - Crystalized,1706177863
58,3537922156422652,683 Sherman Alley,$7.59,The Pop Shoppe - Root Beer,1706177864
88,6331102600749010333,8 Shasta Road,$9.57,Chickhen - Chicken Phyllo,1706177865
127,56022332214261144,048 Arizona Circle,$1.33,Wine - Soave Folonari,1706177866
190,4917459910176694,96704 Magdeline Road,$9.06,Rosemary - Dry,1706177867
59,5246530021576441,4 Warrior Plaza,$7.87,Parsley Italian - Fresh,1706177868
183,372301786495467,6 Bonner Terrace,$0.15,Jagermeister,1706177869
17,3533926644609519,9514 Sherman Crossing,$5.27,Table Cloth 62x120 White,1706177870
51,3576327375573222,950 Packers Drive,$9.21,Sage - Rubbed,1706177871
22,4905579489121120,4 Dovetail Street,$0.85,Juice - V8 Splash,1706177872
170,30163021995675,3 Jackson Junction,$9.51,Wine - Kwv Chenin Blanc South,1706177873
26,6304971226593681,2 Sachtjen Crossing,$3.10,Energy Drink - Franks Pineapple,1706177874
127,337941736880500,4017 Burrows Road,$2.11,Garlic - Peeled,1706177875
88,3532976924356027,75 Susan Hill,$2.38,Cleaner - Pine Sol,1706177876
149,3530787374552961,34 Westerfield Circle,$8.33,Pastry - Lemon Danish - Mini,1706177877
41,3578827216537706,54570 Merry Point,$7.62,Nectarines,1706177878
185,3546803587202823,239 Pepper Wood Trail,$9.06,Port - 74 Brights,1706177879
169,374288481944725,1 Sutherland Way,$5.48,Bar Energy Chocchip,1706177880
20,30153779671750,58 Grayhawk Road,$2.40,Zucchini - Yellow,1706177881
181,201906801498457,0352 Nobel Plaza,$1.99,Cinnamon - Ground,1706177882
3,4041370013086053,89322 Delaware Crossing,$1.64,Dc Hikiage Hira Huba,1706177883
194,374476190840124,93 Rowland Court,$2.56,Taro Leaves,1706177884
157,3553753241178671,7 Portage Place,$3.83,Fenngreek Seed,1706177885
106,5284097923699443,17154 Dakota Crossing,$8.57,Potatoes - Idaho 100 Count,1706177886
182,4917103863542672,0986 Dakota Road,$9.96,Cranberries - Fresh,1706177887
164,3582276934336419,77 Magdeline Center,$4.51,Salmon - Atlantic Fresh Whole,1706177888
45,30400217020169,05 North Place,$9.76,Carbonated Water - Wildberry,1706177889
178,3573114004027959,63656 Mesta Hill,$4.70,Appetizer - Cheese Bites,1706177890
86,3573967529771686,812 Merry Way,$2.95,Fruit Salad Deluxe,1706177891
111,5020366955559992,917 Evergreen Court,$5.02,Vinegar - White,1706177892
114,3581653266505301,1261 Columbus Circle,$0.45,Sauce - Black Current Dry Mix,1706177893
180,5610416783381255611,198 Duke Park,$2.67,Cleaner - Pine Sol,1706177894
145,5185500457030851,436 High Crossing Court,$0.50,Bread - Sour Batard,1706177895
172,3562782600017864,21 Parkside Crossing,$5.25,Lighter - Bbq,1706177896
67,502026730615297097,0115 Johnson Alley,$4.26,Compound - Orange,1706177897
171,5100170256410662,7 Gateway Park,$3.63,Vermouth - Sweet Cinzano,1706177898
7,3557377363130827,049 Bay Place,$0.05,Sour Puss Raspberry,1706177899
16,5307920317280871,0182 Sullivan Parkway,$4.17,Soup - Campbells Cream Of,1706177900
165,201892987295257,19641 Green Ridge Road,$9.10,Pie Filling - Cherry,1706177901
194,4026442114464676,958 Elmside Parkway,$1.68,Champagne - Brights Dry,1706177902
168,060410886294855242,18258 Melby Drive,$2.36,Schnappes - Peach Walkers,1706177903
122,5296277710282134,36 Acker Way,$7.98,Plaintain,1706177904
51,5206631439296099,4937 Colorado Center,$1.62,Sprouts - China Rose,1706177905
1,4765328917525,6344 Washington Park,$5.41,Sherry - Dry,1706177906
52,4049613178162,59 Brickson Park Junction,$7.65,Gloves - Goldtouch Disposable,1706177907
130,3555867414208145,3 Kensington Center,$7.50,Beer - Mcauslan Apricot,1706177908
39,374622403741530,5 Rockefeller Hill,$0.36,Cherries - Frozen,1706177909
170,491124415079133957,46 Muir Place,$8.07,Snapple - Mango Maddness,1706177910
150,3582996945490836,275 Northridge Street,$7.64,Wine - Magnotta - Cab Sauv,1706177911
41,3549746990790636,9 Mesta Center,$1.70,Chinese Foods - Plain Fried Rice,1706177912
109,201815186232417,80 Dwight Court,$5.52,Yucca,1706177913
96,4905672970513143,237 Darwin Parkway,$9.49,Pear - Prickly,1706177914
188,3550910415017761,58977 Shoshone Road,$4.66,Pate - Cognac,1706177915
53,5170055018517729,3136 Bunting Road,$4.62,Vinegar - Sherry,1706177916
158,3546193518187958,502 Sugar Place,$6.51,Bag - Regular Kraft 20 Lb,1706177917
110,6382214141964678,809 High Crossing Pass,$9.56,Napkin - Dinner White,1706177918
191,3539648652637638,878 Mayfield Park,$6.58,Bread - Burger,1706177919
194,4508255216004100,82 Lyons Avenue,$3.55,Mayonnaise,1706177920
192,30023190595930,82960 Havey Lane,$7.56,Liners - Baking Cups,1706177921
73,5283587829320467,792 Golden Leaf Way,$9.94,Soup - Knorr Veg / Beef,1706177922
196,630490709393683120,996 Chinook Plaza,$2.35,Pea - Snow,1706177923
190,5002354800203513,06 Hoard Parkway,$7.12,Wine - Red Cabernet Merlot,1706177924
160,3530394557593217,4650 Waywood Drive,$6.32,Nut - Walnut Chopped,1706177925
154,3530993029973582,0 Victoria Crossing,$0.97,Soup - Chicken And Wild Rice,1706177926
93,3584484695176952,18398 Kim Terrace,$7.36,Foil Cont Round,1706177927
79,3569479030642279,6 Fairfield Hill,$7.77,Wine - Malbec Trapiche Reserve,1706177928
155,5256631725886081,8431 Swallow Circle,$2.78,Salt - Kosher,1706177929
163,633349391587359838,7 Golden Leaf Parkway,$3.04,Beef - Rib Eye Aaa,1706177930
156,3564376390026959,9 Northwestern Terrace,$5.09,Cookies - Englishbay Oatmeal,1706177931
51,6761519681850344286,12736 Lunder Park,$0.61,Cheese - Briedanish,1706177932
149,3548838265051207,51 Canary Alley,$8.47,Sauce - White Mix,1706177933
168,3549375669851915,2 Division Court,$4.18,Muffin Batt - Blueberry Passion,1706177934
76,3575860017157336,54 Oriole Lane,$4.60,Chutney Sauce,1706177935
85,3549807217299379,3 Bobwhite Plaza,$8.52,Cheese - Gouda,1706177936
168,3555456353463786,77191 Katie Way,$4.56,Beef - Baby Liver,1706177937
159,67595506965567718,2566 Pennsylvania Crossing,$6.32,Table Cloth 62x120 White,1706177938
48,3557396275122516,0 Jay Circle,$7.27,Mousse - Passion Fruit,1706177939
160,5610994814297227,08 Myrtle Trail,$6.95,Truffle Cups Green,1706177940
25,561059473297739450,679 Holmberg Terrace,$0.17,Uniform Linen Charge,1706177941
57,30589079675225,934 American Avenue,$1.45,Sugar - Brown Individual,1706177942
103,67594468710622077,29 Logan Junction,$8.00,Herb Du Provence - Primerba,1706177943
171,5048378186311828,129 Buhler Park,$7.85,Sobe - Lizard Fuel,1706177944
49,3586857724583975,9107 Sheridan Plaza,$9.12,Flour - Strong,1706177945
91,5602238416840152,0 Amoth Parkway,$1.59,Pork - Inside,1706177946
168,4396656650106,018 Banding Pass,$2.25,Cheese Cheddar Processed,1706177947
45,372301840639167,4 Green Ridge Trail,$2.99,Liners - Baking Cups,1706177948
52,4175009293249431,19 Fuller Junction,$4.84,Sauce - Mint,1706177949
10,3531123139364170,37 Packers Plaza,$2.89,Soup - Campbells Mac N Cheese,1706177950
163,6762693112446578746,71 Montana Park,$9.49,Halibut - Steaks,1706177951
31,5309476910288835,78372 Morningstar Hill,$5.03,Potatoes - Yukon Gold 5 Oz,1706177952
22,3556037577536596,75 Nelson Lane,$0.37,Marsala - Sperone Fine D.o.c.,1706177953
170,3550436381786726,699 Waywood Point,$9.93,Chocolate - Chips Compound,1706177954
198,3558399198406213,90452 Bluejay Hill,$4.58,Wine - Clavet Saint Emilion,1706177955
169,493617650442719807,0338 Garrison Circle,$1.88,Rye Special Old,1706177956
31,5100174696961185,786 Northport Court,$9.98,Fondant - Icing,1706177957
109,3528005301173130,66 Hollow Ridge Park,$5.80,Crab - Back Fin Meat Canned,1706177958
173,3571488704335025,44 Chinook Pass,$0.00,Tomatoes - Heirloom,1706177959
79,5038149718255409,29388 Anniversary Street,$2.32,Wine - Lou Black Shiraz,1706177960
135,3552879511970413,661 Norway Maple Alley,$5.95,Mushroom - Chanterelle Frozen,1706177961
140,3547861645211458,1 Dawn Place,$0.48,Lettuce - Green Leaf,1706177962
118,6304532834489819,73954 6th Parkway,$2.32,Bread Fig And Almond,1706177963
149,3579397359978132,4950 Rieder Street,$6.57,Parsley - Dried,1706177964
22,201936997222536,6185 Doe Crossing Drive,$2.95,Veal - Osso Bucco,1706177965
193,3540448085440479,615 Norway Maple Court,$7.26,Soup - Knorr Chicken Gumbo,1706177966
156,30088438278540,8 Main Terrace,$9.59,Beef - Tenderloin Tails,1706177967
131,3584333142407181,90226 Towne Pass,$2.23,Milkettes - 2%,1706177968
85,6371063388085751,083 Lillian Drive,$4.57,Nestea - Ice Tea Diet,1706177969
182,5583665370351466,3 Summerview Drive,$7.53,Fuji Apples,1706177970
188,3550520215459475,480 Rieder Junction,$7.57,Steampan - Half Size Shallow,1706177971
196,3566557158694124,17707 Mallory Street,$1.03,Veal - Kidney,1706177972
177,5602246748723095,65 Chinook Avenue,$5.23,Sauce - Balsamic Viniagrette,1706177973
